molecule_chembl_id,compound_name,protein,source_node_id,target_node_id,source,target,relationship,strongest_evidence_class,strongest_evidence_tier,activity_types,evidence_classes,minimum_activity_nM,median_activity_nM,maximum_pchembl_value,total_measurements,total_assays,validity_warning_count,potential_duplicate_count,molecule_type,max_phase,development_status
CHEMBL5653589,CHEMBL5653589,EEF1G,compound::CHEMBL5653589,protein::EEF1G,CHEMBL5653589,EEF1G,BINDS_TO,Binding affinity,Tier 2: quantitative binding,ED50; Kd,Binding affinity; Functional dose response,0.491,0.491,9.31,2,2,0,0,,,Unknown
CHEMBL1802814,CHEMBL1802814,EEF1A1,compound::CHEMBL1802814,protein::EEF1A1,CHEMBL1802814,EEF1A1,BINDS_TO,Binding affinity,Tier 2: quantitative binding,Kd,Binding affinity,3.74,3.74,8.43,1,1,0,0,Small molecule,,Unknown
CHEMBL3752910,CHEMBL3752910,RPS3,compound::CHEMBL3752910,protein::RPS3,CHEMBL3752910,RPS3,BINDS_TO,Binding affinity,Tier 2: quantitative binding,ED50; Kd,Binding affinity; Functional dose response,3.858,3.858,8.41,2,2,0,0,Small molecule,,Unknown
CHEMBL1802815,CHEMBL1802815,EEF1A1,compound::CHEMBL1802815,protein::EEF1A1,CHEMBL1802815,EEF1A1,BINDS_TO,Binding affinity,Tier 2: quantitative binding,Kd,Binding affinity,8.15,8.15,8.09,1,1,0,0,Small molecule,,Unknown
CHEMBL3752910,CHEMBL3752910,EEF1G,compound::CHEMBL3752910,protein::EEF1G,CHEMBL3752910,EEF1G,BINDS_TO,Binding affinity,Tier 2: quantitative binding,ED50; Kd,Binding affinity; Functional dose response,11.42,11.42,7.94,2,2,0,0,Small molecule,,Unknown
CHEMBL3752910,CHEMBL3752910,RPL7,compound::CHEMBL3752910,protein::RPL7,CHEMBL3752910,RPL7,BINDS_TO,Binding affinity,Tier 2: quantitative binding,ED50; Kd,Binding affinity; Functional dose response,16.7,16.7,7.78,2,2,0,0,Small molecule,,Unknown
CHEMBL5653589,CHEMBL5653589,RPS3,compound::CHEMBL5653589,protein::RPS3,CHEMBL5653589,RPS3,BINDS_TO,Binding affinity,Tier 2: quantitative binding,ED50; Kd,Binding affinity; Functional dose response,40.59,40.59,7.39,2,2,0,0,,,Unknown
CHEMBL1802973,CHEMBL1802973,EEF1A1,compound::CHEMBL1802973,protein::EEF1A1,CHEMBL1802973,EEF1A1,BINDS_TO,Binding affinity,Tier 2: quantitative binding,Kd,Binding affinity,57.2,57.2,7.24,1,1,0,0,Small molecule,,Unknown
CHEMBL3752910,CHEMBL3752910,RPS2,compound::CHEMBL3752910,protein::RPS2,CHEMBL3752910,RPS2,BINDS_TO,Binding affinity,Tier 2: quantitative binding,ED50; Kd,Binding affinity; Functional dose response,80.43,80.43,7.09,2,2,0,0,Small molecule,,Unknown
CHEMBL3752910,CHEMBL3752910,RPL18A,compound::CHEMBL3752910,protein::RPL18A,CHEMBL3752910,RPL18A,BINDS_TO,Binding affinity,Tier 2: quantitative binding,ED50; Kd,Binding affinity; Functional dose response,98.14,98.14,7.01,2,2,0,0,Small molecule,,Unknown
CHEMBL5653589,CHEMBL5653589,EEF1B2,compound::CHEMBL5653589,protein::EEF1B2,CHEMBL5653589,EEF1B2,BINDS_TO,Binding affinity,Tier 2: quantitative binding,ED50; Kd,Binding affinity; Functional dose response,661.51,661.51,6.18,2,2,0,0,,,Unknown
CHEMBL5653589,CHEMBL5653589,RPS2,compound::CHEMBL5653589,protein::RPS2,CHEMBL5653589,RPS2,BINDS_TO,Binding affinity,Tier 2: quantitative binding,ED50; Kd,Binding affinity; Functional dose response,1825.35,1825.35,5.74,2,2,0,0,,,Unknown
CHEMBL3752910,CHEMBL3752910,RPS3A,compound::CHEMBL3752910,protein::RPS3A,CHEMBL3752910,RPS3A,BINDS_TO,Binding affinity,Tier 2: quantitative binding,ED50; Kd,Binding affinity; Functional dose response,2452.47,2452.47,5.61,2,2,0,0,Small molecule,,Unknown
CHEMBL3752910,CHEMBL3752910,RPL3,compound::CHEMBL3752910,protein::RPL3,CHEMBL3752910,RPL3,BINDS_TO,Binding affinity,Tier 2: quantitative binding,ED50; Kd,Binding affinity; Functional dose response,2638.87,2638.87,5.58,2,2,0,0,Small molecule,,Unknown
CHEMBL5653589,CHEMBL5653589,RPL18A,compound::CHEMBL5653589,protein::RPL18A,CHEMBL5653589,RPL18A,BINDS_TO,Binding affinity,Tier 2: quantitative binding,ED50; Kd,Binding affinity; Functional dose response,3154.06,3154.06,5.5,2,2,0,0,,,Unknown
CHEMBL3752910,CHEMBL3752910,RPL4,compound::CHEMBL3752910,protein::RPL4,CHEMBL3752910,RPL4,BINDS_TO,Binding affinity,Tier 2: quantitative binding,ED50; Kd,Binding affinity; Functional dose response,4728.58,4728.58,5.33,2,2,0,0,Small molecule,,Unknown
CHEMBL5653589,CHEMBL5653589,RPL3,compound::CHEMBL5653589,protein::RPL3,CHEMBL5653589,RPL3,BINDS_TO,Binding affinity,Tier 2: quantitative binding,ED50; Kd,Binding affinity; Functional dose response,10412.18,10412.18,4.98,2,2,0,0,,,Unknown
CHEMBL5653589,CHEMBL5653589,RPL7,compound::CHEMBL5653589,protein::RPL7,CHEMBL5653589,RPL7,BINDS_TO,Binding affinity,Tier 2: quantitative binding,ED50; Kd,Binding affinity; Functional dose response,12290.41,12290.41,4.91,2,2,0,0,,,Unknown
CHEMBL5653589,CHEMBL5653589,RPL4,compound::CHEMBL5653589,protein::RPL4,CHEMBL5653589,RPL4,BINDS_TO,Binding affinity,Tier 2: quantitative binding,ED50; Kd,Binding affinity; Functional dose response,24906.3,24906.3,4.6,2,2,0,0,,,Unknown
CHEMBL1232461,MOLIBRESIB,RPS3,compound::CHEMBL1232461,protein::RPS3,CHEMBL1232461,RPS3,INHIBITS,Inhibitory potency,Quantitative record requiring review,IC50,Inhibitory potency,240,240,,1,1,0,0,Small molecule,2,Phase 2
CHEMBL1232461,MOLIBRESIB,RPS3A,compound::CHEMBL1232461,protein::RPS3A,CHEMBL1232461,RPS3A,INHIBITS,Inhibitory potency,Tier 1: quantitative inhibition,IC50,Inhibitory potency,3440,3440,5.46,1,1,0,0,Small molecule,2,Phase 2
CHEMBL1232461,MOLIBRESIB,EEF1G,compound::CHEMBL1232461,protein::EEF1G,CHEMBL1232461,EEF1G,INHIBITS,Inhibitory potency,Tier 1: quantitative inhibition,IC50,Inhibitory potency,4300,4300,5.37,1,1,0,0,Small molecule,2,Phase 2
CHEMBL1232461,MOLIBRESIB,EEF1A1,compound::CHEMBL1232461,protein::EEF1A1,CHEMBL1232461,EEF1A1,INHIBITS,Inhibitory potency,Quantitative record requiring review,IC50,Inhibitory potency,10000,10000,,1,1,0,0,Small molecule,2,Phase 2
